[
  {
    "business_id": "nTq2Oej2WsSiOBNNEtR6lg",
    "name": "Nevada Insurance Enrollment",
    "address": "4260 W Craig Rd, Ste 150-A",
    "city": "Las Vegas",
    "state": "NV",
    "postal_code": "89032",
    "stars": 4.5,
    "categories": "Auto Insurance, Insurance, Health Insurance Offices, Funeral Services & Cemeteries, Health & Medical, Home & Rental Insurance, Local Services, Financial Services, Life Insurance"
  },
  {
    "business_id": "2CKXu855VwHvMH5ZIRzpkw",
    "name": "Bobbie's Flowers",
    "address": "5801 South McClintock Dr, Ste 103",
    "city": "Tempe",
    "state": "AZ",
    "postal_code": "85283",
    "stars": 4.5,
    "categories": "Florists, Shopping, Local Services, Bridal, Flowers & Gifts, Funeral Services & Cemeteries"
  },
  {
    "business_id": "eFGSoYqMsFW2kECQPnxirQ",
    "name": "The Flower Cart",
    "address": "2515 N Scottsdale Rd",
    "city": "Scottsdale",
    "state": "AZ",
    "postal_code": "85257",
    "stars": 4.5,
    "categories": "Flowers & Gifts, Florists, Funeral Services & Cemeteries, Wedding Planning, Floral Designers, Shopping, Event Planning & Services, Local Services"
  },
  {
    "business_id": "W3zYIYCyUIwMZGlU_z8sBw",
    "name": "Best Funeral Services",
    "address": "9380 W Peoria Ave",
    "city": "Peoria",
    "state": "AZ",
    "postal_code": "85345",
    "stars": 3,
    "categories": "Funeral Services & Cemeteries, Local Services, Cremation Services"
  },
  {
    "business_id": "DK6RvPJiCmCBXgeJEmjIfQ",
    "name": "Evan J Strong Funeral Services",
    "address": "5502 2 Street SW",
    "city": "Calgary",
    "state": "AB",
    "postal_code": "T2H 0G9",
    "stars": 3.5,
    "categories": "Funeral Services & Cemeteries, Local Services"
  },
  {
    "business_id": "JAiZVIzhwKgPjncWUedCNQ",
    "name": "Ogden Funeral Homes",
    "address": "4164 Sheppard Avenue E",
    "city": "Scarborough",
    "state": "ON",
    "postal_code": "M1S 1T3",
    "stars": 3.5,
    "categories": "Local Services, Funeral Services & Cemeteries"
  },
  {
    "business_id": "KvAGwOlBijq1KyL_jLmieQ",
    "name": "Melcher Mortuary Mission Chapel & Crematory",
    "address": "6625 E Main St",
    "city": "Mesa",
    "state": "AZ",
    "postal_code": "85205",
    "stars": 3.5,
    "categories": "Local Services, Mortuary Services, Funeral Services & Cemeteries, Cremation Services"
  },
  {
    "business_id": "Wa8xbP8OQrQtpgUGHDq3sg",
    "name": "Turner & Porter Funeral Home",
    "address": "2180 Hurontario Street",
    "city": "Mississauga",
    "state": "ON",
    "postal_code": "L5B 1M8",
    "stars": 4,
    "categories": "Local Services, Funeral Services & Cemeteries, Event Planning & Services"
  },
  {
    "business_id": "nccH78NjYLpXRxp5ZcNkiw",
    "name": "Resthaven / Carr-Tenney Mortuary & Memorial Gardens",
    "address": "4310 E Southern Ave",
    "city": "Phoenix",
    "state": "AZ",
    "postal_code": "85042",
    "stars": 2.5,
    "categories": "Funeral Services & Cemeteries, Local Services"
  },
  {
    "business_id": "kgLTL1qgIKPpEwsEx3lSRA",
    "name": "Angels Cremation And Burials",
    "address": "422 W Mclellan Rd",
    "city": "Mesa",
    "state": "AZ",
    "postal_code": "85201",
    "stars": 3.5,
    "categories": "Cremation Services, Local Services, Funeral Services & Cemeteries"
  },
  {
    "business_id": "0WVe1N86eZXuElRkPG6WiA",
    "name": "All Animals Rescue & Transportation",
    "address": "20021 N Cave Creek Rd, Ste 14",
    "city": "Phoenix",
    "state": "AZ",
    "postal_code": "85024",
    "stars": 1.5,
    "categories": "Pet Adoption, Funeral Services & Cemeteries, Pest Control, Local Services, Pets, Pet Services, Animal Shelters, Pet Stores"
  },
  {
    "business_id": "7uvm5x-88KlC0Lv3TBP_5Q",
    "name": "Life Celebration Pet Crematory",
    "address": "19109 West Catawba Ave, Ste 200",
    "city": "Cornelius",
    "state": "NC",
    "postal_code": "28031",
    "stars": 5,
    "categories": "Pet Cremation Services, Local Services, Pets, Pet Services, Cremation Services, Funeral Services & Cemeteries"
  },
  {
    "business_id": "N9sKBn-_W8IMFlb8twZMbA",
    "name": "York Cemetery Visitation Chapel and Reception Centre",
    "address": "160 Beecroft Road",
    "city": "North York",
    "state": "ON",
    "postal_code": "M2N 5Z5",
    "stars": 3.5,
    "categories": "Local Services, Funeral Services & Cemeteries"
  },
  {
    "business_id": "1_qO632iUbcqzp750EFjlA",
    "name": "Pet Truth Productions Inc.",
    "address": "7569 Sanctuary Cir",
    "city": "Brecksville",
    "state": "OH",
    "postal_code": "44141",
    "stars": 4,
    "categories": "Pets, Veterinarians, Local Services, Funeral Services & Cemeteries"
  },
  {
    "business_id": "o4uAhbWqgP-2gN-f3REzJw",
    "name": "Resthaven Memory Gardens",
    "address": "3700 Center Rd",
    "city": "Avon",
    "state": "OH",
    "postal_code": "44011",
    "stars": 1,
    "categories": "Funeral Services & Cemeteries, Local Services"
  },
  {
    "business_id": "CBW3v3YgGCyeRLisTZy6bg",
    "name": "Zabor Funeral Home",
    "address": "5680 Pearl Rd",
    "city": "Cleveland",
    "state": "OH",
    "postal_code": "44129",
    "stars": 4,
    "categories": "Funeral Services & Cemeteries, Local Services"
  },
  {
    "business_id": "3-mMmqG7ADRlvXHEAKI-dw",
    "name": "Whitney & Murphy Funeral Home",
    "address": "4800 E Indian School Rd",
    "city": "Phoenix",
    "state": "AZ",
    "postal_code": "85018",
    "stars": 5,
    "categories": "Local Services, Funeral Services & Cemeteries"
  },
  {
    "business_id": "Ekd6Li4kZwd14XY4AzxINA",
    "name": "Palm Southwest Mortuary",
    "address": "7979 W Warm Springs Rd",
    "city": "Las Vegas",
    "state": "NV",
    "postal_code": "89113",
    "stars": 5,
    "categories": "Funeral Services & Cemeteries, Cremation Services, Local Services, Mortuary Services"
  },
  {
    "business_id": "m58sbyn8wR5xV77XvbMeGg",
    "name": "Stratton Restoration",
    "address": "2918 S Alma School Rd",
    "city": "Mesa",
    "state": "AZ",
    "postal_code": "85210",
    "stars": 3,
    "categories": "Flooring, Roofing, Home Services, Funeral Services & Cemeteries, Local Services, Damage Restoration, Contractors"
  },
  {
    "business_id": "w973Fxar34ycsMsAKHNC9A",
    "name": "Green Acres Mortuary & Cemetery",
    "address": "401 N Hayden Rd",
    "city": "Scottsdale",
    "state": "AZ",
    "postal_code": "85257",
    "stars": 3.5,
    "categories": "Local Services, Funeral Services & Cemeteries"
  },
  {
    "business_id": "SA5J77D4HFYQi52sXPF1Ng",
    "name": "Paws Awhile Pet Memorial Park",
    "address": "3426 Brush Rd",
    "city": "Richfield",
    "state": "OH",
    "postal_code": "44286",
    "stars": 5,
    "categories": "Local Services, Pet Groomers, Funeral Services & Cemeteries, Pet Services, Pets, Pet Sitting"
  },
  {
    "business_id": "lN0OQcEjSd8kwNSIH3998g",
    "name": "Dead Pals of Sam Sanfillippo",
    "address": "6021 University Ave",
    "city": "Madison",
    "state": "WI",
    "postal_code": "53774",
    "stars": 5,
    "categories": "Funeral Services & Cemeteries, Local Flavor, Local Services"
  },
  {
    "business_id": "YLAV3ZfWX7yUu72Kr3LUTw",
    "name": "A. Ripepi & Sons Funeral Home",
    "address": "18149 Bagley Rd",
    "city": "Middleburg Heights",
    "state": "OH",
    "postal_code": "44130",
    "stars": 2,
    "categories": "Local Services, Funeral Services & Cemeteries, Cremation Services"
  },
  {
    "business_id": "-xtkDdmxXsyqs017t0C0Bw",
    "name": "Paradise Memorial Gardens and Mausoleum",
    "address": "9300 E Shea Blvd, Bldg C",
    "city": "Scottsdale",
    "state": "AZ",
    "postal_code": "85260",
    "stars": 4.5,
    "categories": "Local Services, Funeral Services & Cemeteries, Mortuary Services, Cremation Services"
  },
  {
    "business_id": "MYzLe2iTBo5kEbo_u4m6xA",
    "name": "Harper Funeral Home",
    "address": "1246 E Jefferson St",
    "city": "Phoenix",
    "state": "AZ",
    "postal_code": "85034",
    "stars": 2.5,
    "categories": "Funeral Services & Cemeteries, Local Services"
  },
  {
    "business_id": "wN-dlJcAUYKGGmA0ku2skg",
    "name": "Calvary Cemetery",
    "address": "718 Hazelwood Ave",
    "city": "Pittsburgh",
    "state": "PA",
    "postal_code": "15217",
    "stars": 4.5,
    "categories": "Funeral Services & Cemeteries, Local Services"
  },
  {
    "business_id": "Hav5aI2bcHxS-vCT3aVYuA",
    "name": "The Flower Market",
    "address": "994 Perry Hwy, Ste 1",
    "city": "Pittsburgh",
    "state": "PA",
    "postal_code": "15237",
    "stars": 5,
    "categories": "Florists, Funeral Services & Cemeteries, Local Services, Flowers & Gifts, Shopping"
  },
  {
    "business_id": "txglF4y_AZe2bVRz0q1U9g",
    "name": "Boulder City Family Mortuary",
    "address": "833 Nevada Hwy, Ste 1",
    "city": "Boulder City",
    "state": "NV",
    "postal_code": "89005",
    "stars": 5,
    "categories": "Mortuary Services, Funeral Services & Cemeteries, Local Services"
  },
  {
    "business_id": "eu9G0ykFJkfWQLgPTYcLjA",
    "name": "Regency Mortuary",
    "address": "9850 W Thunderbird Blvd",
    "city": "Sun City",
    "state": "AZ",
    "postal_code": "85351",
    "stars": 3,
    "categories": "Funeral Services & Cemeteries, Local Services"
  },
  {
    "business_id": "Zt-FyJkavwPklsh7hxKx6g",
    "name": "Palm Cheyenne Mortuary",
    "address": "7400 West Cheyenne Ave",
    "city": "Las Vegas",
    "state": "NV",
    "postal_code": "89129",
    "stars": 4,
    "categories": "Funeral Services & Cemeteries, Local Services, Cremation Services, Mortuary Services"
  },
  {
    "business_id": "kkJrD_kd2iYPNRGuiopGBA",
    "name": "Palm Northwest Mortuary",
    "address": "6701 North Jones Blvd",
    "city": "Las Vegas",
    "state": "NV",
    "postal_code": "89131",
    "stars": 4.5,
    "categories": "Cremation Services, Funeral Services & Cemeteries, Local Services"
  },
  {
    "business_id": "cBWXFMj5qnD8PxXD78z0mg",
    "name": "Staircase Florist",
    "address": "844 Copley Rd",
    "city": "Akron",
    "state": "OH",
    "postal_code": "44320",
    "stars": 3,
    "categories": "Home & Garden, Funeral Services & Cemeteries, Nurseries & Gardening, Local Services, Shopping, Event Planning & Services, Florists, Gift Shops, Wedding Planning, Flowers & Gifts"
  },
  {
    "business_id": "qetCAMNJceXg1txdrm7mHQ",
    "name": "greene funeral home",
    "address": "4668 Pioneer Trl",
    "city": "Mantua",
    "state": "OH",
    "postal_code": "44255",
    "stars": 1,
    "categories": "Local Services, Funeral Services & Cemeteries"
  },
  {
    "business_id": "0Ebm6BltdiFU6yGfXJhOIg",
    "name": "Tempe Mortuary",
    "address": "405 E Southern Ave",
    "city": "Tempe",
    "state": "AZ",
    "postal_code": "85282",
    "stars": 5,
    "categories": "Mortuary Services, Local Services, Funeral Services & Cemeteries"
  },
  {
    "business_id": "-sldiyeRl34ughPRKDDw7g",
    "name": "Good Shepherd Pet Services",
    "address": "2054 Wilshire Ct",
    "city": "Concord",
    "state": "NC",
    "postal_code": "28025",
    "stars": 3.5,
    "categories": "Pet Services, Pets, Local Services, Funeral Services & Cemeteries"
  },
  {
    "business_id": "nHoR3kaKYhfsmZJFEFiVYw",
    "name": "Corrigan F J Burial & Cremation Service",
    "address": "27099 Miles Rd",
    "city": "Chagrin Falls",
    "state": "OH",
    "postal_code": "44022",
    "stars": 3.5,
    "categories": "Cremation Services, Local Services, Funeral Services & Cemeteries"
  },
  {
    "business_id": "rNiZY9ZuzZWkMgao_Ab9Tw",
    "name": "Bunker's Memory Gardens Memorial Park",
    "address": "7251 W Lone Mountain Rd",
    "city": "Las Vegas",
    "state": "NV",
    "postal_code": "89129",
    "stars": 2,
    "categories": "Funeral Services & Cemeteries, Local Services"
  },
  {
    "business_id": "B4Jjznazs42DOz_CMY6XEw",
    "name": "Knollwood Cemetery Association",
    "address": "1678 Som Center Rd",
    "city": "Mayfield Heights",
    "state": "OH",
    "postal_code": "44124",
    "stars": 1,
    "categories": "Funeral Services & Cemeteries, Local Services"
  },
  {
    "business_id": "N-kiKG_FR2jXwpue-UO2XQ",
    "name": "Casket Store",
    "address": "5373 Ridge Rd",
    "city": "Cleveland",
    "state": "OH",
    "postal_code": "44129",
    "stars": 3,
    "categories": "Local Services, Funeral Services & Cemeteries"
  },
  {
    "business_id": "GRZBZycklFaEHBzsnqnxfA",
    "name": "R S Kane Funeral Home",
    "address": "6150 Yonge Street",
    "city": "North York",
    "state": "ON",
    "postal_code": "M2M 3W9",
    "stars": 4.5,
    "categories": "Funeral Services & Cemeteries, Cremation Services, Local Services"
  },
  {
    "business_id": "dNqm1Ykn7aoNdFDFPs91bA",
    "name": "Good Shepherd Cemetery",
    "address": "733 Patton Street Ext",
    "city": "Monroeville",
    "state": "PA",
    "postal_code": "15146",
    "stars": 4.5,
    "categories": "Funeral Services & Cemeteries, Local Services"
  },
  {
    "business_id": "MwQIfNOeSlmmMJfAqdORtA",
    "name": "La Paloma Funeral Services",
    "address": "5450 Stephanie St",
    "city": "Las Vegas",
    "state": "NV",
    "postal_code": "89122",
    "stars": 4,
    "categories": "Funeral Services & Cemeteries, Pet Cremation Services, Local Services, Pet Services, Pets"
  },
  {
    "business_id": "Uet_CmNrjCmEtWKanFC9sA",
    "name": "Messinger Pinnacle Peak Mortuary",
    "address": "8555 E Pinnacle Peak Rd",
    "city": "Scottsdale",
    "state": "AZ",
    "postal_code": "85255",
    "stars": 4.5,
    "categories": "Mortuary Services, Funeral Services & Cemeteries, Local Services"
  },
  {
    "business_id": "jO5xKydIdX9dDjfQdwBqLQ",
    "name": "Desert Memorial Cremation & Burial",
    "address": "1111 Las Vegas Blvd N",
    "city": "Las Vegas",
    "state": "NV",
    "postal_code": "89101",
    "stars": 2,
    "categories": "Local Services, Cremation Services, Funeral Services & Cemeteries, Mortuary Services"
  },
  {
    "business_id": "n64KfTWONkAd5ir1ab6Ilg",
    "name": "SereniCare Funeral Home",
    "address": "1525 W University Dr, Ste 102",
    "city": "Tempe",
    "state": "AZ",
    "postal_code": "85281",
    "stars": 5,
    "categories": "Local Services, Funeral Services & Cemeteries"
  },
  {
    "business_id": "NrznYBngUD5iSZpomJvoQA",
    "name": "Exclusive Flowers and Gifts",
    "address": "9440 W Peoria Ave",
    "city": "Peoria",
    "state": "AZ",
    "postal_code": "85345",
    "stars": 3,
    "categories": "Candle Stores, Flowers & Gifts, Funeral Services & Cemeteries, Local Services, Florists, Home Decor, Home & Garden, Shopping, Gift Shops"
  },
  {
    "business_id": "2INah43ljapnUT5SlRJpOA",
    "name": "McEachnie Funeral Home",
    "address": "28 Old Kingston Road",
    "city": "Ajax",
    "state": "ON",
    "postal_code": "L1T 2Z7",
    "stars": 4,
    "categories": "Funeral Services & Cemeteries, Local Services"
  },
  {
    "business_id": "Kl6ZL3MMo5UBMzpVl6b7Dg",
    "name": "Bunker Family Funerals & Cremation",
    "address": "33 N Centennial Way",
    "city": "Mesa",
    "state": "AZ",
    "postal_code": "85201",
    "stars": 4.5,
    "categories": "Local Services, Cremation Services, Funeral Services & Cemeteries, Mortuary Services"
  },
  {
    "business_id": "a-YW47i4nMImU7CcrqN4CQ",
    "name": "Advantage Funeral & Cremation Services - Maryvale",
    "address": "6901 W Indian School Rd",
    "city": "Phoenix",
    "state": "AZ",
    "postal_code": "85033",
    "stars": 5,
    "categories": "Local Services, Cremation Services, Funeral Services & Cemeteries"
  },
  {
    "business_id": "dFPmONp7Wzvh3JNg8T9dxw",
    "name": "GH Hogle Funeral Homes",
    "address": "63 Mimico Avenue",
    "city": "Toronto",
    "state": "ON",
    "postal_code": "M8V 1R2",
    "stars": 5,
    "categories": "Funeral Services & Cemeteries, Local Services"
  },
  {
    "business_id": "rQsIQBkwDZiX5sxSXpXivA",
    "name": "Pechmann Memorials",
    "address": "4238 Acker Rd",
    "city": "Madison",
    "state": "WI",
    "postal_code": "53704",
    "stars": 3.5,
    "categories": "Travel Services, Funeral Services & Cemeteries, Hotels & Travel, Engraving, Local Services"
  },
  {
    "business_id": "7KclAwzrknesp6mYmVEdsQ",
    "name": "Dostal Bokas Funeral Services",
    "address": "6245 Columbia Road",
    "city": "North Olmsted",
    "state": "OH",
    "postal_code": "44070",
    "stars": 3.5,
    "categories": "Funeral Services & Cemeteries, Local Services"
  },
  {
    "business_id": "tLq5sMHWSrFvgnX4Oix9rQ",
    "name": "Hansen Mortuary - Scottsdale",
    "address": "6500 E Bell Rd",
    "city": "Scottsdale",
    "state": "AZ",
    "postal_code": "85254",
    "stars": 5,
    "categories": "Local Services, Mortuary Services, Funeral Services & Cemeteries"
  },
  {
    "business_id": "8CC5a3KFZ3bzm4Kn_g_WYQ",
    "name": "Palm South Jones Mortuary",
    "address": "1600 South Jones Blvd",
    "city": "Las Vegas",
    "state": "NV",
    "postal_code": "89146",
    "stars": 3,
    "categories": "Cremation Services, Funeral Services & Cemeteries, Local Services"
  },
  {
    "business_id": "EnBo7WQMy9GCCIlpeWU8yw",
    "name": "Chapel of the Chimes Mortuary",
    "address": "7924 N 59th Ave",
    "city": "Glendale",
    "state": "AZ",
    "postal_code": "85301",
    "stars": 4,
    "categories": "Local Services, Funeral Services & Cemeteries, Mortuary Services"
  },
  {
    "business_id": "iktVOiEe5mLHmonoYcU1ZA",
    "name": "La Paloma Pet Cremation",
    "address": "5450 Stephanie St, Ste 100",
    "city": "Las Vegas",
    "state": "NV",
    "postal_code": "89122",
    "stars": 5,
    "categories": "Cremation Services, Local Services, Funeral Services & Cemeteries"
  },
  {
    "business_id": "edT8-t0TCqn9vZdjn4s0lw",
    "name": "Spriggs-Watson Funeral Home",
    "address": "720 N Lang Ave",
    "city": "Pittsburgh",
    "state": "PA",
    "postal_code": "15208",
    "stars": 3.5,
    "categories": "Local Services, Funeral Services & Cemeteries"
  },
  {
    "business_id": "OBGLTac74G_1Pt57M1sIhQ",
    "name": "Palm Eastern Mortuary",
    "address": "7600 S Eastern Ave",
    "city": "Las Vegas",
    "state": "NV",
    "postal_code": "89123",
    "stars": 3.5,
    "categories": "Funeral Services & Cemeteries, Cremation Services, Local Services"
  },
  {
    "business_id": "71hkV-nhiIGlN0agjxzYmA",
    "name": "Alfieri Funeral Home",
    "address": "201 Marguerite Ave",
    "city": "Wilmerding",
    "state": "PA",
    "postal_code": "15148",
    "stars": 2.5,
    "categories": "Funeral Services & Cemeteries, Local Services"
  },
  {
    "business_id": "Gu9ntCd2HY4u4y7_JCmKvA",
    "name": "Palm Boulder Highway Mortuary",
    "address": "800 South Boulder Hwy",
    "city": "Henderson",
    "state": "NV",
    "postal_code": "89015",
    "stars": 4,
    "categories": "Local Services, Funeral Services & Cemeteries, Cremation Services"
  },
  {
    "business_id": "_L6QcAKBbzhcH2wXqsA0sQ",
    "name": "Cleveland Cremation",
    "address": "5618 Broadview Rd",
    "city": "Parma",
    "state": "OH",
    "postal_code": "44134",
    "stars": 5,
    "categories": "Funeral Services & Cemeteries, Local Services"
  },
  {
    "business_id": "DonwAYNHJjTleLwn6fz30Q",
    "name": "Lake House Cafe",
    "address": "11850 Edgewater Dr",
    "city": "Lakewood",
    "state": "OH",
    "postal_code": "44107",
    "stars": 3.5,
    "categories": "Food, American (Traditional), Local Services, Restaurants, Cafes, Funeral Services & Cemeteries, Coffee & Tea"
  },
  {
    "business_id": "mnEw54FPQ0Je77e8WVLJBA",
    "name": "Union Dale Cemetery",
    "address": "2200 Brighton Rd",
    "city": "Pittsburgh",
    "state": "PA",
    "postal_code": "15212",
    "stars": 2.5,
    "categories": "Local Services, Funeral Services & Cemeteries"
  },
  {
    "business_id": "_XmWK19esWgnOEZyaJ_8iQ",
    "name": "Camino Del Sol Funeral Chapel & Cremation Center",
    "address": "13738 W Camino Del Sol",
    "city": "Sun City West",
    "state": "AZ",
    "postal_code": "85375",
    "stars": 3.5,
    "categories": "Cremation Services, Funeral Services & Cemeteries, Local Services"
  },
  {
    "business_id": "NqxgwVjXaxVTaLY7plziBw",
    "name": "Toronto Necropolis & Crematorium",
    "address": "200 Winchester Street",
    "city": "Toronto",
    "state": "ON",
    "postal_code": "M4X 1B7",
    "stars": 4.5,
    "categories": "Public Services & Government, Landmarks & Historical Buildings, Local Services, Funeral Services & Cemeteries, Local Flavor"
  },
  {
    "business_id": "vyMYESwDpWa1pRSUBBM4XA",
    "name": "Roadrunner Florist",
    "address": "2007 W Bethany Home Rd, Ste A",
    "city": "Phoenix",
    "state": "AZ",
    "postal_code": "85015",
    "stars": 5,
    "categories": "Wedding Planning, Shopping, Florists, Flowers & Gifts, Event Planning & Services, Gift Shops, Floral Designers, Local Services, Funeral Services & Cemeteries"
  },
  {
    "business_id": "XRo9xH8S07ve1Zz1EJa0pQ",
    "name": "Neptune Society - Phoenix",
    "address": "1634 S Priest Dr, Ste 103",
    "city": "Tempe",
    "state": "AZ",
    "postal_code": "85281",
    "stars": 3,
    "categories": "Funeral Services & Cemeteries, Local Services"
  },
  {
    "business_id": "RNkB4XsekPi5HPxT7vN2Dg",
    "name": "Sunland Memorial Park, Mortuary & Cremation Center",
    "address": "15826 N Del Webb Blvd",
    "city": "Sun City",
    "state": "AZ",
    "postal_code": "85351",
    "stars": 3,
    "categories": "Mortuary Services, Local Services, Cremation Services, Funeral Services & Cemeteries"
  },
  {
    "business_id": "bvd0_KOYC19Im9lLBGnQ4Q",
    "name": "Aftercare Cremation & Burial Service",
    "address": "1097 O'Connor Drive",
    "city": "Toronto",
    "state": "ON",
    "postal_code": "M4B 2T5",
    "stars": 5,
    "categories": "Cremation Services, Local Services, Funeral Services & Cemeteries"
  },
  {
    "business_id": "-P_IDQAFH0-IoZSXTzWBwA",
    "name": "Highland Funeral Home - Scarborough Chapel",
    "address": "3280 Av Sheppard E",
    "city": "Scarborough",
    "state": "ON",
    "postal_code": "M1T 3K3",
    "stars": 1.5,
    "categories": "Funeral Services & Cemeteries, Local Services, Cremation Services"
  },
  {
    "business_id": "rlSFhX7-JFjRDxrQTPoVeQ",
    "name": "Alexander Funeral Home",
    "address": "1424 Statesville Ave",
    "city": "Charlotte",
    "state": "NC",
    "postal_code": "28206",
    "stars": 2,
    "categories": "Local Services, Funeral Services & Cemeteries"
  },
  {
    "business_id": "Jh_-_Uu5l-1oLI-dFmWCUQ",
    "name": "Animal Cremation Services",
    "address": "5348 W Bethany Home Rd",
    "city": "Glendale",
    "state": "AZ",
    "postal_code": "85301",
    "stars": 2.5,
    "categories": "Pet Services, Pet Cremation Services, Local Services, Funeral Services & Cemeteries, Pets"
  },
  {
    "business_id": "AAT50SSFgYWh4ntRAnxwuA",
    "name": "Elmwood Cemetery",
    "address": "700 W 6th St",
    "city": "Charlotte",
    "state": "NC",
    "postal_code": "28202",
    "stars": 4.5,
    "categories": "Funeral Services & Cemeteries, Local Services, Active Life"
  },
  {
    "business_id": "mzbZR58X46Z59rL-FGI4bQ",
    "name": "Mariposa Gardens Memorial Park and Funeral Care",
    "address": "400 S Power Rd",
    "city": "Mesa",
    "state": "AZ",
    "postal_code": "85206",
    "stars": 5,
    "categories": "Funeral Services & Cemeteries, Local Services"
  },
  {
    "business_id": "8NWvLlXl2mXPSPDr8DuZ_Q",
    "name": "Ripepi Funeral Home",
    "address": "5762 Pearl Rd",
    "city": "Cleveland",
    "state": "OH",
    "postal_code": "44129",
    "stars": 2.5,
    "categories": "Local Services, Funeral Services & Cemeteries"
  },
  {
    "business_id": "C4kiDXDu9dFb8Ed4CQeAJA",
    "name": "Advantage Funeral & Cremation Services - Melcher Roses",
    "address": "43 S Stapley Dr",
    "city": "Mesa",
    "state": "AZ",
    "postal_code": "85204",
    "stars": 5,
    "categories": "Local Services, Funeral Services & Cemeteries"
  },
  {
    "business_id": "Qf6WvdnWLz2SuYhiwvMdlw",
    "name": "Pernel Jones and Sons Funeral Home",
    "address": "7120 Cedar Ave",
    "city": "Cleveland",
    "state": "OH",
    "postal_code": "44103",
    "stars": 2.5,
    "categories": "Funeral Services & Cemeteries, Local Services"
  },
  {
    "business_id": "1UzNLtvHCiyBW_yeq6CF8w",
    "name": "Hites Funeral Home & Cremation Service",
    "address": "438 W Sunset Rd",
    "city": "Henderson",
    "state": "NV",
    "postal_code": "89011",
    "stars": 4,
    "categories": "Funeral Services & Cemeteries, Local Services, Cremation Services"
  },
  {
    "business_id": "xl8cfFXZDeOS9LuUJac2eA",
    "name": "Raymer- Kepner Funeral Home & Cremation Services",
    "address": "16901 Old Statesville Rd",
    "city": "Huntersville",
    "state": "NC",
    "postal_code": "28078",
    "stars": 4.5,
    "categories": "Local Services, Funeral Services & Cemeteries"
  },
  {
    "business_id": "4Eeke-5QUeKEHjw_N9dJmw",
    "name": "Kathy Wilhelmy Flowers",
    "address": "24353 Lorain Rd",
    "city": "North Olmsted",
    "state": "OH",
    "postal_code": "44070",
    "stars": 2.5,
    "categories": "Shopping, Local Services, Flowers & Gifts, Florists, Funeral Services & Cemeteries, Gift Shops, Interior Design, Food, Specialty Food, Fruits & Veggies, Home Services"
  },
  {
    "business_id": "Euq0ltqgsmD2VMlBopDbdg",
    "name": "Davis Funeral Home and Memorial Park",
    "address": "1401 S Rainbow Blvd",
    "city": "Las Vegas",
    "state": "NV",
    "postal_code": "89146",
    "stars": 4.5,
    "categories": "Local Services, Funeral Services & Cemeteries"
  },
  {
    "business_id": "_8FHnJndxvJYUepDDdz7CA",
    "name": "Greenwood Memory Lawn Mortuary & Cemetery",
    "address": "2300 W Van Buren St",
    "city": "Phoenix",
    "state": "AZ",
    "postal_code": "85009",
    "stars": 2.5,
    "categories": "Local Services, Funeral Services & Cemeteries"
  },
  {
    "business_id": "13xK8Xs0N8eBOyqxqzFRow",
    "name": "Malloy Esposito Crematory & Funeral Home",
    "address": "1575 W 117th St",
    "city": "Cleveland",
    "state": "OH",
    "postal_code": "44107",
    "stars": 5,
    "categories": "Local Services, Cremation Services, Funeral Services & Cemeteries"
  },
  {
    "business_id": "18giSSHPwapB2bOjeQf80A",
    "name": "Mountain View Funeral Home & Cemetery",
    "address": "7900 E Main St",
    "city": "Mesa",
    "state": "AZ",
    "postal_code": "85207",
    "stars": 3.5,
    "categories": "Local Services, Funeral Services & Cemeteries"
  },
  {
    "business_id": "zuz4w_uDWT5xC0EXOquhHQ",
    "name": "Harold's Flower Shop",
    "address": "700 5th Ave",
    "city": "Pittsburgh",
    "state": "PA",
    "postal_code": "15219",
    "stars": 4.5,
    "categories": "Flowers & Gifts, Food, Specialty Food, Florists, Fruits & Veggies, Gift Shops, Funeral Services & Cemeteries, Shopping, Local Services"
  },
  {
    "business_id": "aBqu8FYoUrYYSd_k-TFUOw",
    "name": "Rosar-Morrison Funeral Home & Chapel",
    "address": "467 Sherbourne St",
    "city": "Toronto",
    "state": "ON",
    "postal_code": "M4X 1K5",
    "stars": 5,
    "categories": "Funeral Services & Cemeteries, Local Services"
  },
  {
    "business_id": "C2_TErSXoZ9PFc9o_x0hHA",
    "name": "Research For Life",
    "address": "2230 E Magnolia St",
    "city": "Phoenix",
    "state": "AZ",
    "postal_code": "85034",
    "stars": 2.5,
    "categories": "Funeral Services & Cemeteries, Local Services"
  },
  {
    "business_id": "OX5eqHDV7rhcKWd8AkEngA",
    "name": "Pets At Peace",
    "address": "2375 Queen Street E",
    "city": "Toronto",
    "state": "ON",
    "postal_code": "M4E 1H2",
    "stars": 5,
    "categories": "Pet Cremation Services, Pets, Veterinarians, Pet Stores, Pet Services, Local Services, Funeral Services & Cemeteries"
  },
  {
    "business_id": "AgfbLRtjPuPeBqlu6pAMQw",
    "name": "Compassionate Pet Cremation",
    "address": "401 Mark Leany Dr",
    "city": "Henderson",
    "state": "NV",
    "postal_code": "89011",
    "stars": 5,
    "categories": "Pets, Pet Services, Pet Cremation Services, Professional Services, Taxidermy, Local Services, Funeral Services & Cemeteries"
  },
  {
    "business_id": "wz43MKt6gMLYXiIPv1Xekw",
    "name": "Serenity Funeral Home",
    "address": "3435 W Cheyenne Ave, Ste 105",
    "city": "North Las Vegas",
    "state": "NV",
    "postal_code": "89032",
    "stars": 3.5,
    "categories": "Local Services, Funeral Services & Cemeteries"
  },
  {
    "business_id": "uTs62QbcRfXdI0VSinCtUg",
    "name": "Palmetto Funeral Home and On-Site Cremation Service",
    "address": "2049 Carolina Place Dr",
    "city": "Fort Mill",
    "state": "SC",
    "postal_code": "29708",
    "stars": 5,
    "categories": "Local Services, Funeral Services & Cemeteries, Cremation Services"
  },
  {
    "business_id": "_z-8uqduKQSgue--QJU_Lw",
    "name": "Mortuary Tattoo",
    "address": "1720 W Southern Ave, Ste C8",
    "city": "Mesa",
    "state": "AZ",
    "postal_code": "85202",
    "stars": 4.5,
    "categories": "Beauty & Spas, Funeral Services & Cemeteries, Tattoo, Local Services, Mortuary Services"
  },
  {
    "business_id": "aZXfKHcbCyEwlVfnOqIHIA",
    "name": "Ferfolia Funeral Home",
    "address": "356 W Aurora Rd",
    "city": "Sagamore Hills",
    "state": "OH",
    "postal_code": "44067",
    "stars": 3.5,
    "categories": "Funeral Services & Cemeteries, Local Services"
  },
  {
    "business_id": "PDr3YWRcuWCxA9XDv08owg",
    "name": "Craig Road Pet Cemetery",
    "address": "7450 W Craig Rd",
    "city": "Las Vegas",
    "state": "NV",
    "postal_code": "89129",
    "stars": 4.5,
    "categories": "Local Services, Pet Services, Pets, Funeral Services & Cemeteries, Pet Cremation Services"
  },
  {
    "business_id": "LgFl8e8mEh6A7ZWw9IkOJQ",
    "name": "Southern Blossom Florist",
    "address": "321 East Blvd",
    "city": "Charlotte",
    "state": "NC",
    "postal_code": "28203",
    "stars": 3.5,
    "categories": "Local Services, Party & Event Planning, Funeral Services & Cemeteries, Wedding Planning, Shopping, Florists, Flowers & Gifts, Floral Designers, Event Planning & Services"
  },
  {
    "business_id": "iiWrhUTxvievl9_s8qEU1A",
    "name": "Abel Funeral Services",
    "address": "1627 N 51st Ave",
    "city": "Phoenix",
    "state": "AZ",
    "postal_code": "85035",
    "stars": 3,
    "categories": "Local Services, Funeral Services & Cemeteries, Cremation Services"
  },
  {
    "business_id": "5DyvjKT-ugHN3YqxfdEiwg",
    "name": "Holy Cross Catholic Cemetery & Funeral Home",
    "address": "9925 W Thomas Rd",
    "city": "Avondale",
    "state": "AZ",
    "postal_code": "85392",
    "stars": 2,
    "categories": "Funeral Services & Cemeteries, Local Services"
  },
  {
    "business_id": "9OjwcyqeOBh8jutdv2FXCg",
    "name": "Samaritan Funeral Home",
    "address": "1505 E Mcdowell Rd",
    "city": "Phoenix",
    "state": "AZ",
    "postal_code": "85006",
    "stars": 5,
    "categories": "Local Services, Funeral Services & Cemeteries"
  },
  {
    "business_id": "5HRjGybBPmW0QcL4U8At8A",
    "name": "Messinger Indian School Mortuary",
    "address": "7601 E Indian School Rd",
    "city": "Scottsdale",
    "state": "AZ",
    "postal_code": "85251",
    "stars": 5,
    "categories": "Mortuary Services, Local Services, Funeral Services & Cemeteries"
  },
  {
    "business_id": "AJWLLn-VBTJ0ACye2RfACQ",
    "name": "Sunwest Funeral Home & Cemetary",
    "address": "12525 Nw Grand Ave",
    "city": "El Mirage",
    "state": "AZ",
    "postal_code": "85335",
    "stars": 2.5,
    "categories": "Local Services, Funeral Services & Cemeteries"
  },
  {
    "business_id": "qKl2QOm1InU_wiEdWC_y2g",
    "name": "PALS - Pet & Animal Lovers Service",
    "address": "3629 N 40th Ave",
    "city": "Phoenix",
    "state": "AZ",
    "postal_code": "85019",
    "stars": 4.5,
    "categories": "Pets, Funeral Services & Cemeteries, Local Services, Pet Cremation Services, Pet Services"
  },
  {
    "business_id": "hblojRZVo417mqClNScz6w",
    "name": "Lucas Memorial Chapel",
    "address": "9010 Garfield Blvd",
    "city": "Garfield Heights",
    "state": "OH",
    "postal_code": "44125",
    "stars": 5,
    "categories": "Local Services, Funeral Services & Cemeteries"
  },
  {
    "business_id": "R8Pwc4j9J_llaOmSsQRsqA",
    "name": "Cremation Center of Arizona",
    "address": "1544 W Grant St",
    "city": "Phoenix",
    "state": "AZ",
    "postal_code": "85007",
    "stars": 4,
    "categories": "Cremation Services, Local Services, Health & Medical, Funeral Services & Cemeteries"
  },
  {
    "business_id": "z7313AU6jwVlqeKXwfKv8A",
    "name": "Cremation Society of Charlotte, Inc.",
    "address": "320 West Carson Blvd",
    "city": "Charlotte",
    "state": "NC",
    "postal_code": "28203",
    "stars": 3.5,
    "categories": "Cremation Services, Funeral Services & Cemeteries, Local Services"
  },
  {
    "business_id": "oKrS70ivJqEtPu6-6InXNg",
    "name": "Sunrise Cremation",
    "address": "401 Max Ct",
    "city": "Henderson",
    "state": "NV",
    "postal_code": "89011",
    "stars": 2.5,
    "categories": "Cremation Services, Local Services, Funeral Services & Cemeteries"
  },
  {
    "business_id": "ZDgCaWBwdAKxUei9VEnVDA",
    "name": "Mt Lebanon Cemetery Co",
    "address": "509 Washington Rd",
    "city": "Pittsburgh",
    "state": "PA",
    "postal_code": "15228",
    "stars": 3.5,
    "categories": "Local Services, Funeral Services & Cemeteries"
  },
  {
    "business_id": "2XPHXpBq6JlO96eU-f_YpQ",
    "name": "Family Burial & Cremation Center",
    "address": "237 S Sirrine, Ste 100",
    "city": "Mesa",
    "state": "AZ",
    "postal_code": "85210",
    "stars": 3.5,
    "categories": "Cremation Services, Local Services, Funeral Services & Cemeteries, Elder Care Planning"
  },
  {
    "business_id": "uSLXA7qU-eeatCluYKF7_Q",
    "name": "John F Slater Funeral Home",
    "address": "4201 Brownsville Rd",
    "city": "Pittsburgh",
    "state": "PA",
    "postal_code": "15227",
    "stars": 5,
    "categories": "Local Services, Funeral Services & Cemeteries"
  },
  {
    "business_id": "QhtvanEc1fTJDHbE288CCg",
    "name": "Sinai Mortuary",
    "address": "4538 N 16th St",
    "city": "Phoenix",
    "state": "AZ",
    "postal_code": "85016",
    "stars": 3,
    "categories": "Mortuary Services, Local Services, Funeral Services & Cemeteries"
  },
  {
    "business_id": "zeSghYbG2MkFAUI5l8SrCw",
    "name": "Simple Cremation",
    "address": "4955 S Durango Dr, Ste 206",
    "city": "Las Vegas",
    "state": "NV",
    "postal_code": "89113",
    "stars": 3.5,
    "categories": "Cremation Services, Funeral Services & Cemeteries, Local Services"
  },
  {
    "business_id": "Jc_5z3Rooj3vYJZZ9zHajA",
    "name": "A.L. Moore-Grimshaw Mortuaries Bethany Chapel",
    "address": "710 W Bethany Home Rd",
    "city": "Phoenix",
    "state": "AZ",
    "postal_code": "85013",
    "stars": 3.5,
    "categories": "Funeral Services & Cemeteries, Local Services"
  },
  {
    "business_id": "1i0ws5ON250Gr5aQNG8XSQ",
    "name": "Thompson Funeral Chapel",
    "address": "926 S Litchfield Rd",
    "city": "Goodyear",
    "state": "AZ",
    "postal_code": "85338",
    "stars": 4,
    "categories": "Funeral Services & Cemeteries, Local Services"
  },
  {
    "business_id": "yvGAdeqvNlXAeBlqx0HMAg",
    "name": "Bunker's Eden Vale Mortuary",
    "address": "925 N Las Vegas Blvd",
    "city": "Las Vegas",
    "state": "NV",
    "postal_code": "89101",
    "stars": 4,
    "categories": "Funeral Services & Cemeteries, Mortuary Services, Local Services"
  },
  {
    "business_id": "ZtOHXDOfIk5zg9_CvxA_yA",
    "name": "Entrusted Pets",
    "address": "2135 S 15th St",
    "city": "Phoenix",
    "state": "AZ",
    "postal_code": "85034",
    "stars": 5,
    "categories": "Pets, Pet Services, Pet Cremation Services, Funeral Services & Cemeteries, Local Services"
  },
  {
    "business_id": "zlavIo7e-r39PXxoq7lcHg",
    "name": "The Village Blossom",
    "address": "5407 Village Dr",
    "city": "Concord",
    "state": "NC",
    "postal_code": "28027",
    "stars": 2.5,
    "categories": "Shopping, Florists, Funeral Services & Cemeteries, Local Services, Gift Shops, Flowers & Gifts"
  },
  {
    "business_id": "cc_7s2JMwFYVDFafs3Hz4w",
    "name": "Science Care",
    "address": "21410 N 19th Ave, Ste 126",
    "city": "Phoenix",
    "state": "AZ",
    "postal_code": "85027",
    "stars": 4,
    "categories": "Local Services, Funeral Services & Cemeteries"
  },
  {
    "business_id": "gJOLOfiIqEjYY2f7HuyHWA",
    "name": "Queen of Heaven Catholic Cemetery & Funeral Home",
    "address": "1562 E Baseline Rd",
    "city": "Mesa",
    "state": "AZ",
    "postal_code": "85204",
    "stars": 3,
    "categories": "Local Services, Funeral Services & Cemeteries"
  },
  {
    "business_id": "26zqTRlDqrUL3zTdYa_gTQ",
    "name": "Kraft-Sussman Funeral & Cremation Services",
    "address": "3975 S Durango Dr, Ste 104",
    "city": "Las Vegas",
    "state": "NV",
    "postal_code": "89147",
    "stars": 5,
    "categories": "Local Services, Funeral Services & Cemeteries, Cremation Services"
  },
  {
    "business_id": "sYhW4rzrFw_DxdiNJJ-sKQ",
    "name": "Unique Memorials LV",
    "address": "",
    "city": "Las Vegas",
    "state": "NV",
    "postal_code": "89145",
    "stars": 5,
    "categories": "Professional Services, Graphic Design, Local Services, Flowers & Gifts, Funeral Services & Cemeteries, Arts & Crafts, Event Planning & Services, Shopping, Cards & Stationery"
  },
  {
    "business_id": "11nqTLt8FNmEdKHLEuvcgA",
    "name": "Highland Park Cemetary",
    "address": "21400 Chagrin Blvd",
    "city": "Highland Hills",
    "state": "OH",
    "postal_code": "44122",
    "stars": 1.5,
    "categories": "Local Services, Funeral Services & Cemeteries"
  },
  {
    "business_id": "_5yHs0ks2hfpThTHO0mGOw",
    "name": "Eiseltown Flowers & Gifts",
    "address": "207 Shiloh St",
    "city": "Pittsburgh",
    "state": "PA",
    "postal_code": "15211",
    "stars": 4,
    "categories": "Funeral Services & Cemeteries, Shopping, Flowers & Gifts, Gift Shops, Florists, Floral Designers, Local Services, Wedding Planning, Event Planning & Services"
  },
  {
    "business_id": "RUEWEVmRaHnE9uJosbLcaw",
    "name": "Avenida Flowers",
    "address": "613-12445 Lake Fraser Drive SE",
    "city": "Calgary",
    "state": "AB",
    "postal_code": "T2J 7A4",
    "stars": 4,
    "categories": "Florists, Local Services, Local Flavor, Flowers & Gifts, Event Planning & Services, Funeral Services & Cemeteries, Shopping, Wedding Planning"
  },
  {
    "business_id": "WrOzDkPsrBfuJmC3FnGt8g",
    "name": "Holy Cross Burial Vaults",
    "address": "14609 Brookpark Rd",
    "city": "Brook Park",
    "state": "OH",
    "postal_code": "44142",
    "stars": 2.5,
    "categories": "Local Services, Funeral Services & Cemeteries"
  },
  {
    "business_id": "HzCPeB7joG83w57obeJYWg",
    "name": "Davis Funeral Home & Memorial Park",
    "address": "6200 S Eastern Ave",
    "city": "Las Vegas",
    "state": "NV",
    "postal_code": "89119",
    "stars": 2.5,
    "categories": "Local Services, Funeral Services & Cemeteries"
  },
  {
    "business_id": "IK10PwNqeyUgTHCVJWQ7Fg",
    "name": "Simple Cremation",
    "address": "3620 N Rancho Dr, Ste 101",
    "city": "Las Vegas",
    "state": "NV",
    "postal_code": "89130",
    "stars": 3.5,
    "categories": "Local Services, Cremation Services, Funeral Services & Cemeteries"
  },
  {
    "business_id": "AdQW9sgttHhK1ryR5jpoFw",
    "name": "Elgin Mills Funeral Centre",
    "address": "1591 Elgin Mills Road E",
    "city": "Richmond Hill",
    "state": "ON",
    "postal_code": "L4S 1M9",
    "stars": 4.5,
    "categories": "Local Services, Funeral Services & Cemeteries"
  },
  {
    "business_id": "DSM7sq3ellDcqw_CoFK1uA",
    "name": "Weddell-Ajak Funeral Home",
    "address": "100 Center Ave",
    "city": "Aspinwall",
    "state": "PA",
    "postal_code": "15215",
    "stars": 4,
    "categories": "Funeral Services & Cemeteries, Local Services"
  },
  {
    "business_id": "GYdSCMPV5lIB8P8_ip7hkw",
    "name": "Neptune Society",
    "address": "8570 Del Webb Blvd",
    "city": "Las Vegas",
    "state": "NV",
    "postal_code": "89134",
    "stars": 3.5,
    "categories": "Funeral Services & Cemeteries, Local Services"
  },
  {
    "business_id": "dVvOcZnvtU0WUI0luLcquQ",
    "name": "Bunkers Mortuaries Cemeteries Crematory",
    "address": "1216 N Las Vegas Blvd",
    "city": "Las Vegas",
    "state": "NV",
    "postal_code": "89101",
    "stars": 2.5,
    "categories": "Local Services, Funeral Services & Cemeteries"
  },
  {
    "business_id": "CTTF3WVOm-ziDa_eMVxEMw",
    "name": "Phoenix Memorial Park and Mortuary",
    "address": "200 W Beardsley Rd",
    "city": "Phoenix",
    "state": "AZ",
    "postal_code": "85027",
    "stars": 2.5,
    "categories": "Local Services, Funeral Services & Cemeteries"
  },
  {
    "business_id": "JIoYvXTLBqide0x5zp5t5g",
    "name": "Fortuna Funeral Home",
    "address": "7076 Brecksville Rd",
    "city": "Independence",
    "state": "OH",
    "postal_code": "44131",
    "stars": 3,
    "categories": "Funeral Services & Cemeteries, Local Services"
  },
  {
    "business_id": "goag7DoQu5FfoKtH9D4mqQ",
    "name": "Bueler Mortuary",
    "address": "14 W Hulet Dr",
    "city": "Chandler",
    "state": "AZ",
    "postal_code": "85225",
    "stars": 4,
    "categories": "Local Services, Funeral Services & Cemeteries, Mortuary Services"
  },
  {
    "business_id": "XQvEUquhsnJgWuFYB7O-dA",
    "name": "Wyman Cremation & Burial Chapel",
    "address": "115 S Country Club Dr",
    "city": "Mesa",
    "state": "AZ",
    "postal_code": "85210",
    "stars": 5,
    "categories": "Local Services, Cremation Services, Funeral Services & Cemeteries, Mortuary Services"
  },
  {
    "business_id": "gXwtsiE8ucDDFtJhc834Dw",
    "name": "Oceanic West",
    "address": "",
    "city": "Scottsdale",
    "state": "AZ",
    "postal_code": "85255",
    "stars": 5,
    "categories": "Party & Event Planning, Event Planning & Services, Funeral Services & Cemeteries, Local Services, Boat Charters, Officiants, Wedding Planning"
  },
  {
    "business_id": "97QjmGiDazC9YeDY_vhUtA",
    "name": "Restland Memorial Parks Inc",
    "address": "990 Patton Street Ext",
    "city": "Monroeville",
    "state": "PA",
    "postal_code": "15146",
    "stars": 1,
    "categories": "Local Services, Funeral Services & Cemeteries, Pet Cremation Services, Pet Services, Pets"
  },
  {
    "business_id": "lhnNEdwO5ZvcwIWWxZsmIg",
    "name": "Best Funeral Services & Chapel",
    "address": "501 E Dunlap Ave",
    "city": "Phoenix",
    "state": "AZ",
    "postal_code": "85020",
    "stars": 4.5,
    "categories": "Cremation Services, Local Services, Funeral Services & Cemeteries"
  },
  {
    "business_id": "P1uXCuDxx5uDXkENhz8EoA",
    "name": "Bissler & Sons Funeral Home & Crematory",
    "address": "628 W Main St",
    "city": "Kent",
    "state": "OH",
    "postal_code": "44240",
    "stars": 3.5,
    "categories": "Local Services, Funeral Services & Cemeteries"
  },
  {
    "business_id": "SY3FUTOG3Jh3OALtyWrlUA",
    "name": "Heritage Funeral Chapel",
    "address": "6830 W Thunderbird Rd",
    "city": "Peoria",
    "state": "AZ",
    "postal_code": "85381",
    "stars": 5,
    "categories": "Local Services, Funeral Services & Cemeteries"
  },
  {
    "business_id": "LP0HqI-ICZyZvcDbNDr1OA",
    "name": "Bogner Family Funeral Home",
    "address": "36625 Center Ridge Rd",
    "city": "North Ridgeville",
    "state": "OH",
    "postal_code": "44039",
    "stars": 3.5,
    "categories": "Local Services, Cremation Services, Funeral Services & Cemeteries"
  },
  {
    "business_id": "xmUKbdI30se33TOfZvmXRw",
    "name": "Foster Funeral & Cremation Service",
    "address": "2109 Luann Ln",
    "city": "Madison",
    "state": "WI",
    "postal_code": "53713",
    "stars": 5,
    "categories": "Local Services, Funeral Services & Cemeteries, Cremation Services"
  },
  {
    "business_id": "seGZkkOJh7KQIMtSjK5PVQ",
    "name": "South Mountain Mortuary",
    "address": "7007 S Central Ave",
    "city": "Phoenix",
    "state": "AZ",
    "postal_code": "85042",
    "stars": 1,
    "categories": "Local Services, Funeral Services & Cemeteries, Mortuary Services"
  },
  {
    "business_id": "o4G8vXbE_SNuulpJdGxeoQ",
    "name": "Arizona Flower Shop",
    "address": "1812 E McDowell Rd",
    "city": "Phoenix",
    "state": "AZ",
    "postal_code": "85006",
    "stars": 3.5,
    "categories": "Cards & Stationery, Party & Event Planning, Shopping, Florists, Flowers & Gifts, Floral Designers, Gift Shops, Arts & Crafts, Local Services, Funeral Services & Cemeteries, Event Planning & Services"
  },
  {
    "business_id": "bHipNz9_3lgfE-5yM7UcBQ",
    "name": "Best Caskets & Urns",
    "address": "9380 W Peoria Ave",
    "city": "Peoria",
    "state": "AZ",
    "postal_code": "85345",
    "stars": 2.5,
    "categories": "Funeral Services & Cemeteries, Local Services"
  },
  {
    "business_id": "dQ7S7mxJ7L9fA6JdKeGFSA",
    "name": "McMahon-Coyne-Vitantonio Funeral Homes",
    "address": "38001 Euclid Ave",
    "city": "Willoughby",
    "state": "OH",
    "postal_code": "44094",
    "stars": 5,
    "categories": "Local Services, Funeral Services & Cemeteries"
  },
  {
    "business_id": "YEZwPK3drXe2PhIVV8-PDw",
    "name": "A Wise Choice Cremation & Funeral Services",
    "address": "9702 E Apache St",
    "city": "Mesa",
    "state": "AZ",
    "postal_code": "85207",
    "stars": 3.5,
    "categories": "Local Services, Funeral Services & Cemeteries, Cremation Services"
  },
  {
    "business_id": "_XmJ21ZpF_PzbKeKRcFEiA",
    "name": "Highwood Cemetery Assn",
    "address": "2800 Brighton Rd",
    "city": "Pittsburgh",
    "state": "PA",
    "postal_code": "15212",
    "stars": 3.5,
    "categories": "Funeral Services & Cemeteries, Local Services"
  },
  {
    "business_id": "a6TBIVU26fvzUTR2ohLZUg",
    "name": "Shadow Mountain Mortuary",
    "address": "2350 E Greenway Rd",
    "city": "Phoenix",
    "state": "AZ",
    "postal_code": "85022",
    "stars": 5,
    "categories": "Local Services, Funeral Services & Cemeteries"
  },
  {
    "business_id": "dc1YcZSIfvQpWFQJ3kI9oA",
    "name": "Allegheny Cemetery",
    "address": "4715 Penn Ave",
    "city": "Pittsburgh",
    "state": "PA",
    "postal_code": "15224",
    "stars": 5,
    "categories": "Funeral Services & Cemeteries, Local Services"
  },
  {
    "business_id": "YgqE1HfxAqJQoYnZIYUK5g",
    "name": "Lakeshore Mortuary",
    "address": "1815 S Dobson Rd",
    "city": "Mesa",
    "state": "AZ",
    "postal_code": "85202",
    "stars": 4,
    "categories": "Local Services, Mortuary Services, Funeral Services & Cemeteries"
  },
  {
    "business_id": "T8-bbA4WR0qEiCLBSIGBfQ",
    "name": "Clark County Funeral Services",
    "address": "2041 W Bonanza Rd",
    "city": "Las Vegas",
    "state": "NV",
    "postal_code": "89106",
    "stars": 5,
    "categories": "Mortuary Services, Local Services, Cremation Services, Funeral Services & Cemeteries"
  },
  {
    "business_id": "8xKRoEFsBf3l_x0MGhxR9g",
    "name": "Woodlawn Cemetery",
    "address": "1500 Las Vegas Blvd N",
    "city": "Las Vegas",
    "state": "NV",
    "postal_code": "89101",
    "stars": 2.5,
    "categories": "Funeral Services & Cemeteries, Local Services"
  },
  {
    "business_id": "cNSUWLDiM_0sNB9kyQSsKg",
    "name": "Jerrett Funeral Homes",
    "address": "1141 St Clair Ave West",
    "city": "Toronto",
    "state": "ON",
    "postal_code": "M6E 1B1",
    "stars": 2.5,
    "categories": "Funeral Services & Cemeteries, Local Services"
  },
  {
    "business_id": "p_wf4h0KuxDlCmNV-n1nRw",
    "name": "Blue Leaf Estate Auctions",
    "address": "",
    "city": "Phoenix",
    "state": "AZ",
    "postal_code": "85282",
    "stars": 3.5,
    "categories": "Funeral Services & Cemeteries, Antiques, Wills, Trusts, & Probates, Estate Liquidation, Professional Services, Home Services, Lawyers, Estate Planning Law, Real Estate, Local Services, Shopping, Auction Houses"
  },
  {
    "business_id": "c80LfQlZ6zPW7As3FqXwWw",
    "name": "Heritage Mortuary",
    "address": "3610 N Rancho Dr",
    "city": "Las Vegas",
    "state": "NV",
    "postal_code": "89130",
    "stars": 3,
    "categories": "Local Services, Funeral Services & Cemeteries, Mortuary Services"
  },
  {
    "business_id": "36GBM2SXQ45gwuTvWbzFiA",
    "name": "Accu-Care Cremation & Funerals",
    "address": "4033 N 19th Ave",
    "city": "Phoenix",
    "state": "AZ",
    "postal_code": "85015",
    "stars": 5,
    "categories": "Local Services, Funeral Services & Cemeteries"
  },
  {
    "business_id": "UJqNbA7VHRpmVjgVLWfEfA",
    "name": "Valley Funeral Home",
    "address": "3919 Raymert Dr",
    "city": "Las Vegas",
    "state": "NV",
    "postal_code": "89121",
    "stars": 2.5,
    "categories": "Funeral Services & Cemeteries, Local Services"
  },
  {
    "business_id": "a4suStdiexCeNzwpZ-XDBQ",
    "name": "King David Memorial Chapel",
    "address": "2697 E Eldorado Ln",
    "city": "Las Vegas",
    "state": "NV",
    "postal_code": "89120",
    "stars": 4.5,
    "categories": "Funeral Services & Cemeteries, Local Services"
  },
  {
    "business_id": "E8U6piHxbHUFw_LtF6FbpQ",
    "name": "Richardson Funeral Home",
    "address": "2621 S Rural Rd",
    "city": "Tempe",
    "state": "AZ",
    "postal_code": "85282",
    "stars": 5,
    "categories": "Funeral Services & Cemeteries, Local Services"
  },
  {
    "business_id": "NrS4daTaivfO0AxT8-9Ung",
    "name": "Jefferson Memorial Cemetery & Funeral Home",
    "address": "301 Curry Hollow Rd",
    "city": "Pittsburgh",
    "state": "PA",
    "postal_code": "15236",
    "stars": 3,
    "categories": "Local Services, Funeral Services & Cemeteries"
  },
  {
    "business_id": "faidYYQMviHd48D8eRCiWA",
    "name": "Mt. Royal Memorial Park",
    "address": "2700 Mt Royal Blvd",
    "city": "Glenshaw",
    "state": "PA",
    "postal_code": "15116",
    "stars": 2.5,
    "categories": "Local Services, Funeral Services & Cemeteries"
  },
  {
    "business_id": "4xqj4joZyqq-_-44dXVcdw",
    "name": "Flowers by Joe Gregory",
    "address": "5620 N 7th St, Ste 2",
    "city": "Phoenix",
    "state": "AZ",
    "postal_code": "85014",
    "stars": 4.5,
    "categories": "Home Decor, Local Services, Home & Garden, Flowers & Gifts, Funeral Services & Cemeteries, Shopping, Florists"
  },
  {
    "business_id": "hwZ2lxIMR1kJcCUY0PT9rA",
    "name": "Ashley HomeStore",
    "address": "91 S Martin Luther Kg Blvd",
    "city": "Las Vegas",
    "state": "NV",
    "postal_code": "89106",
    "stars": 2.5,
    "categories": "Furniture Stores, Home Decor, Local Services, Mattresses, Funeral Services & Cemeteries, Home & Garden, Shopping"
  },
  {
    "business_id": "6TIpZZEubM0c4ASnMpr81A",
    "name": "The Homewood Cemetery",
    "address": "1599 S Dallas Ave",
    "city": "Pittsburgh",
    "state": "PA",
    "postal_code": "15217",
    "stars": 5,
    "categories": "Funeral Services & Cemeteries, Local Services"
  },
  {
    "business_id": "ybYuJZ9R58iPL2JhtUi1PA",
    "name": "Affordable Cremation & Burial Service",
    "address": "2127 W Charleston Blvd",
    "city": "Las Vegas",
    "state": "NV",
    "postal_code": "89102",
    "stars": 3.5,
    "categories": "Local Services, Funeral Services & Cemeteries"
  },
  {
    "business_id": "Iy-PWtUd7mxSQutEcr5x7A",
    "name": "Windmill Floral Expressions",
    "address": "8140 S Eastern Ave, Ste 3",
    "city": "Las Vegas",
    "state": "NV",
    "postal_code": "89123",
    "stars": 4.5,
    "categories": "Home & Garden, Wedding Planning, Gift Shops, Local Services, Nurseries & Gardening, Florists, Funeral Services & Cemeteries, Event Planning & Services, Floral Designers, Shopping, Flowers & Gifts, Caterers"
  },
  {
    "business_id": "8maHJuWQeQIOinKJYq8_eA",
    "name": "Beinhauer Family Funeral Home and Cremation Services",
    "address": "2828 Washington Rd",
    "city": "McMurray",
    "state": "PA",
    "postal_code": "15317",
    "stars": 3.5,
    "categories": "Cremation Services, Pets, Local Services, Funeral Services & Cemeteries, Pet Services"
  },
  {
    "business_id": "V0pb46d6Wgb-03v8XViCyA",
    "name": "Heritage Funeral and Cremation Services",
    "address": "3700 Forest Lawn Dr",
    "city": "Matthews",
    "state": "NC",
    "postal_code": "28104",
    "stars": 4.5,
    "categories": "Funeral Services & Cemeteries, Local Services, Professional Services, Pet Cremation Services, Pets, Pet Services"
  },
  {
    "business_id": "0s03ippU5tXAxVV9ImjQvw",
    "name": "Mayfield Cemetery",
    "address": "2749 Mayfield Rd",
    "city": "Cleveland",
    "state": "OH",
    "postal_code": "44106",
    "stars": 2.5,
    "categories": "Funeral Services & Cemeteries, Local Services"
  },
  {
    "business_id": "80wAHnKW55Uf_dVlMPiv7g",
    "name": "Hansen Mortuary",
    "address": "8314 N 7th St",
    "city": "Phoenix",
    "state": "AZ",
    "postal_code": "85020",
    "stars": 4.5,
    "categories": "Mortuary Services, Funeral Services & Cemeteries, Local Services"
  },
  {
    "business_id": "hMABGe7cUibxTYMEi0H3lg",
    "name": "Legacy Funeral Home",
    "address": "1374 N Arizona Ave",
    "city": "Chandler",
    "state": "AZ",
    "postal_code": "85225",
    "stars": 2.5,
    "categories": "Local Services, Mortuary Services, Cremation Services, Funeral Services & Cemeteries"
  },
  {
    "business_id": "bjLwFbzMtdAKWw6WuIRwSg",
    "name": "Andy Warhol's Grave",
    "address": "117 Sandusky St",
    "city": "Pittsburgh",
    "state": "PA",
    "postal_code": "15212",
    "stars": 5,
    "categories": "Funeral Services & Cemeteries, Local Services, Hotels & Travel, Public Art, Local Flavor, Walking Tours, Tours"
  },
  {
    "business_id": "yTeTCkzIIw1rXatDWh_ISA",
    "name": "City of Cleveland",
    "address": "601 Lakeside Ave E",
    "city": "Cleveland",
    "state": "OH",
    "postal_code": "44114",
    "stars": 3.5,
    "categories": "Amateur Sports Teams, Active Life, Airports, Golf, Food, Convenience Stores, Funeral Services & Cemeteries, Home Services, Real Estate, Public Services & Government, Local Services, Property Management, Hotels & Travel, Landmarks & Historical Buildings"
  },
  {
    "business_id": "4BkszfGUkOViE2pcLDaXUw",
    "name": "Uprooting Grief",
    "address": "",
    "city": "Las Vegas",
    "state": "NV",
    "postal_code": "89144",
    "stars": 5,
    "categories": "Health & Medical, Local Services, Hospice, Counseling & Mental Health, Funeral Services & Cemeteries"
  },
  {
    "business_id": "rm0haEzPjIf8E447aIua1A",
    "name": "Exotic Florist",
    "address": "320 East Charleston, Ste 103",
    "city": "Las Vegas",
    "state": "NV",
    "postal_code": "89104",
    "stars": 3.5,
    "categories": "Local Services, Party & Event Planning, Funeral Services & Cemeteries, Florists, Flowers & Gifts, Floral Designers, Event Planning & Services, Shopping, Wedding Planning"
  },
  {
    "business_id": "QnF9GakIjlHuwqDP289lNg",
    "name": "Sunset Memorial Park",
    "address": "6265 Columbia Rd",
    "city": "North Olmsted",
    "state": "OH",
    "postal_code": "44070",
    "stars": 1,
    "categories": "Funeral Services & Cemeteries, Local Services"
  },
  {
    "business_id": "JQThmnBqvs3WNxaw1hWfMw",
    "name": "Memorial Pet Services",
    "address": "2600 Todd Dr",
    "city": "Madison",
    "state": "WI",
    "postal_code": "53713",
    "stars": 5,
    "categories": "Pets, Local Services, Pet Services, Funeral Services & Cemeteries, Pet Cremation Services"
  },
  {
    "business_id": "FB_TheCE-fX_Y7CcDnvwbQ",
    "name": "Casa De Paz Funeraria",
    "address": "21 Marion Dr",
    "city": "Las Vegas",
    "state": "NV",
    "postal_code": "89110",
    "stars": 5,
    "categories": "Funeral Services & Cemeteries, Local Services"
  },
  {
    "business_id": "8SraiTCYmrdS_ckkMtlo7A",
    "name": "Turner & Porter",
    "address": "2357 Bloor Street W",
    "city": "Toronto",
    "state": "ON",
    "postal_code": "M6S 1P4",
    "stars": 3.5,
    "categories": "Local Services, Funeral Services & Cemeteries"
  },
  {
    "business_id": "zKyXbR3n4D74IS9ppg4YyA",
    "name": "Allyson's Flowers",
    "address": "30628 Detroit Rd",
    "city": "Westlake",
    "state": "OH",
    "postal_code": "44145",
    "stars": 1,
    "categories": "Shopping, Local Services, Florists, Funeral Services & Cemeteries, Flowers & Gifts"
  },
  {
    "business_id": "qC06kmkA9sUMthQT2huWjg",
    "name": "All Pets Great & Small Cremation Service",
    "address": "5357 E Main St",
    "city": "Mesa",
    "state": "AZ",
    "postal_code": "85205",
    "stars": 4,
    "categories": "Funeral Services & Cemeteries, Local Services, Pets, Pet Services, Pet Cremation Services"
  },
  {
    "business_id": "aHVNI8hmRvZQS_X5TOmAwQ",
    "name": "Valley of the Sun Mortuary & Cemetery",
    "address": "10940 E Chandler Heights Rd",
    "city": "Chandler",
    "state": "AZ",
    "postal_code": "85248",
    "stars": 3,
    "categories": "Funeral Services & Cemeteries, Local Services"
  },
  {
    "business_id": "ZcJGA1DV_3DLjArR-qDAMg",
    "name": "Allegheny Cemetery",
    "address": "4734 Butler St",
    "city": "Pittsburgh",
    "state": "PA",
    "postal_code": "15201",
    "stars": 4.5,
    "categories": "Local Services, Funeral Services & Cemeteries"
  },
  {
    "business_id": "OmWAUrbwb4ikm9TvAKecMw",
    "name": "Palm Downtown Mortuary",
    "address": "1325 North Main St",
    "city": "Las Vegas",
    "state": "NV",
    "postal_code": "89101",
    "stars": 3.5,
    "categories": "Funeral Services & Cemeteries, Cremation Services, Local Services, Mortuary Services"
  },
  {
    "business_id": "IFZYWAFEsmGezJzXe3SLoQ",
    "name": "St. John's Dixie Cemetery and Crematorium",
    "address": "737 Dundas Street E",
    "city": "Mississauga",
    "state": "ON",
    "postal_code": "L4Y 2B5",
    "stars": 3.5,
    "categories": "Local Services, Funeral Services & Cemeteries, Officiants, Event Planning & Services, Venues & Event Spaces"
  },
  {
    "business_id": "bB1hk9NA90htcNddaq-U5A",
    "name": "Reidy-Scanlan-Giovannazzo Funeral Home",
    "address": "2150 Broadway",
    "city": "Lorain",
    "state": "OH",
    "postal_code": "44052",
    "stars": 5,
    "categories": "Funeral Services & Cemeteries, Local Services"
  },
  {
    "business_id": "zck-CEdZqOZK4EtZQp_fuA",
    "name": "National Cremation Society",
    "address": "11 South Stephanie St, Ste 140",
    "city": "Henderson",
    "state": "NV",
    "postal_code": "89012",
    "stars": 5,
    "categories": "Funeral Services & Cemeteries, Cremation Services, Local Services"
  },
  {
    "business_id": "I8pcOpgsZOPdkg2sV73hiw",
    "name": "Mount Pleasant Cemetery",
    "address": "375 Mount Pleasant Road",
    "city": "Toronto",
    "state": "ON",
    "postal_code": "M4T 2V8",
    "stars": 4,
    "categories": "Funeral Services & Cemeteries, Local Services"
  },
  {
    "business_id": "Y4UHHfa_DeZaH4QFcd3YDw",
    "name": "Lake View Cemetery",
    "address": "12316 Euclid Ave",
    "city": "Cleveland",
    "state": "OH",
    "postal_code": "44106",
    "stars": 5,
    "categories": "Public Services & Government, Arts & Entertainment, Landmarks & Historical Buildings, Museums, Local Services, Funeral Services & Cemeteries"
  },
  {
    "business_id": "s-xjtny7e8kjpIyE46qVBg",
    "name": "All Options Funeral Home",
    "address": "1525 W University Dr, Ste 102",
    "city": "Tempe",
    "state": "AZ",
    "postal_code": "85281",
    "stars": 5,
    "categories": "Funeral Services & Cemeteries, Local Services"
  },
  {
    "business_id": "Y5D6tBcIKwUYupXFg5HShw",
    "name": "Choice Memorial & Cremation Services",
    "address": "4715-13th Street NE, Suite 105",
    "city": "Calgary",
    "state": "AB",
    "postal_code": "T2E 6M3",
    "stars": 5,
    "categories": "Cremation Services, Funeral Services & Cemeteries, Local Services"
  },
  {
    "business_id": "3If0PeOeCrujpLV_NcVjHQ",
    "name": "McDermott's Funeral & Cremation Services",
    "address": "2121 Western Ave, Ste A3",
    "city": "Las Vegas",
    "state": "NV",
    "postal_code": "89102",
    "stars": 4,
    "categories": "Professional Services, Cremation Services, Local Services, Funeral Services & Cemeteries"
  },
  {
    "business_id": "xEvAqkjK22TiIXDFsXFjRQ",
    "name": "Tribute Cremation Society",
    "address": "4935 Monroe Rd",
    "city": "Charlotte",
    "state": "NC",
    "postal_code": "28205",
    "stars": 3.5,
    "categories": "Cremation Services, Local Services, Funeral Services & Cemeteries"
  },
  {
    "business_id": "F5H0xUQvYuDRgL7rrs4LIA",
    "name": "Avenidas Funeral Chapel",
    "address": "522 E Western Ave",
    "city": "Avondale",
    "state": "AZ",
    "postal_code": "85323",
    "stars": 4.5,
    "categories": "Funeral Services & Cemeteries, Local Services"
  },
  {
    "business_id": "T77ZF9Pl48GQNUMzbYt-bA",
    "name": "Western Monument",
    "address": "255 S Sirrine",
    "city": "Mesa",
    "state": "AZ",
    "postal_code": "85210",
    "stars": 5,
    "categories": "Public Services & Government, Landmarks & Historical Buildings, Pet Services, Pets, Local Services, Funeral Services & Cemeteries, Shopping"
  },
  {
    "business_id": "SBR_q4ZgZEnbC978BgCGvA",
    "name": "Chapel Ridge Funeral Home and Cremation Centre",
    "address": "8911 Woodbine Avenue",
    "city": "Markham",
    "state": "ON",
    "postal_code": "L3R 5G1",
    "stars": 2.5,
    "categories": "Cremation Services, Local Services, Funeral Services & Cemeteries"
  },
  {
    "business_id": "GY0ATSXTwPqGCRYY6mQGBQ",
    "name": "Rose Hill Funeral Home",
    "address": "1130 S Horne",
    "city": "Mesa",
    "state": "AZ",
    "postal_code": "85204",
    "stars": 3.5,
    "categories": "Local Services, Funeral Services & Cemeteries"
  },
  {
    "business_id": "d58jnzS0vYVL7MpPlqS3jA",
    "name": "Berkowitz-Kumin-Bookatz",
    "address": "1985 S Taylor Rd",
    "city": "Cleveland Heights",
    "state": "OH",
    "postal_code": "44118",
    "stars": 1,
    "categories": "Funeral Services & Cemeteries, Local Services"
  },
  {
    "business_id": "VyzaTwUyIQEKllXhIdSi1Q",
    "name": "Crown Hill Cemetery",
    "address": "8592 Darrow Rd",
    "city": "Twinsburg",
    "state": "OH",
    "postal_code": "44087",
    "stars": 3.5,
    "categories": "Funeral Services & Cemeteries, Local Services"
  },
  {
    "business_id": "DWv4ONdxs8mv-QIsOFMjvA",
    "name": "Cress Funeral & Cremation Service - University Chapel",
    "address": "6021 University Ave",
    "city": "Madison",
    "state": "WI",
    "postal_code": "53705",
    "stars": 3.5,
    "categories": "Cremation Services, Local Services, Funeral Services & Cemeteries, Mortuary Services"
  },
  {
    "business_id": "mG7zUNc5CkX_gVezIAB6ew",
    "name": "Gary R Ritter Funeral Home",
    "address": "1314 Middle St",
    "city": "Pittsburgh",
    "state": "PA",
    "postal_code": "15215",
    "stars": 3.5,
    "categories": "Local Services, Funeral Services & Cemeteries"
  },
  {
    "business_id": "Ru9OuOTuR-_CVFsPv4FBFg",
    "name": "National Cremation Society",
    "address": "4460 E Thomas Rd",
    "city": "Phoenix",
    "state": "AZ",
    "postal_code": "85018",
    "stars": 4,
    "categories": "Cremation Services, Local Services, Funeral Services & Cemeteries"
  },
  {
    "business_id": "kiFJiCsG9j89XXqIQR7hGw",
    "name": "Watson's Funeral Home Inc",
    "address": "10913 Superior Ave",
    "city": "Cleveland",
    "state": "OH",
    "postal_code": "44106",
    "stars": 3.5,
    "categories": "Local Services, Funeral Services & Cemeteries"
  },
  {
    "business_id": "NZy2kfdaO1C0RWMaMUueHQ",
    "name": "Services Commmoratifs Mont-Royal",
    "address": "1297 Chemin de la Fort",
    "city": "Outremont",
    "state": "QC",
    "postal_code": "H2V 2P9",
    "stars": 5,
    "categories": "Sandwiches, Restaurants, Funeral Services & Cemeteries, Local Services"
  },
  {
    "business_id": "EokmfTNuSlGrPU9kIUFKOA",
    "name": "Horizon Funeral Care",
    "address": "7510 E Main St",
    "city": "Mesa",
    "state": "AZ",
    "postal_code": "85207",
    "stars": 4.5,
    "categories": "Local Services, Funeral Services & Cemeteries"
  },
  {
    "business_id": "dQdClrRIXswXBGw89jtu6w",
    "name": "The Simple Alternative Funeral Centres",
    "address": "275 Lesmill Road",
    "city": "North York",
    "state": "ON",
    "postal_code": "M3B 2V1",
    "stars": 4.5,
    "categories": "Funeral Services & Cemeteries, Local Services"
  },
  {
    "business_id": "EXKqX4twMNaotz1TaTWZdQ",
    "name": "Simple Cremation",
    "address": "129 W Lake Mead Dr",
    "city": "Henderson",
    "state": "NV",
    "postal_code": "89015",
    "stars": 4,
    "categories": "Cremation Services, Local Services, Funeral Services & Cemeteries"
  },
  {
    "business_id": "UITRYjNiZ3yb275H9MEq2A",
    "name": "Ellington Funeral Services",
    "address": "727 E Morehead St",
    "city": "Charlotte",
    "state": "NC",
    "postal_code": "28202",
    "stars": 5,
    "categories": "Funeral Services & Cemeteries, Local Services"
  },
  {
    "business_id": "u3ATEuuNTzMjH6fMzX6B3w",
    "name": "Kane & Fetterly Funeral Home - Salon Funraire Kane & Fetterly",
    "address": "5301 Boulevard Dcarie",
    "city": "Montral",
    "state": "QC",
    "postal_code": "H3W 3C4",
    "stars": 5,
    "categories": "Local Services, Professional Services, Funeral Services & Cemeteries, Shopping"
  },
  {
    "business_id": "vkxoB7r46rTtcbU-C_oSJg",
    "name": "All In Bloom",
    "address": "407 S Decatur Blvd",
    "city": "Las Vegas",
    "state": "NV",
    "postal_code": "89107",
    "stars": 5,
    "categories": "Florists, Event Planning & Services, Flowers & Gifts, Shopping, Floral Designers, Funeral Services & Cemeteries, Local Services"
  },
  {
    "business_id": "qxAjZSdhxmF6v4I0snoT5w",
    "name": "American Monument Company",
    "address": "2337 W Van Buren St",
    "city": "Phoenix",
    "state": "AZ",
    "postal_code": "85009",
    "stars": 4,
    "categories": "Local Services, Funeral Services & Cemeteries"
  },
  {
    "business_id": "AIiDJpO02tGACmf-9A427Q",
    "name": "Greenwood/Memory Lawn Mortuary",
    "address": "719 N 27th Ave",
    "city": "Phoenix",
    "state": "AZ",
    "postal_code": "85009",
    "stars": 3,
    "categories": "Local Services, Funeral Services & Cemeteries"
  },
  {
    "business_id": "IoMUTHajJFgJD0Jqqqt0PQ",
    "name": "Palm Valley Funeral Home",
    "address": "10761 Grand Ave",
    "city": "Sun City",
    "state": "AZ",
    "postal_code": "85351",
    "stars": 3.5,
    "categories": "Funeral Services & Cemeteries, Local Services"
  },
  {
    "business_id": "XTBwlJu97AYtWFIer2hlBQ",
    "name": "Affordable Burials & Cremations",
    "address": "41 Industrial Street, Unit 102",
    "city": "Toronto",
    "state": "ON",
    "postal_code": "M4G 0C7",
    "stars": 5,
    "categories": "Cremation Services, Local Services, Funeral Services & Cemeteries"
  },
  {
    "business_id": "zwcaswFrAX9HJ3h1mS7ytA",
    "name": "St. Francis Catholic Cemetery",
    "address": "2033 N 48th St",
    "city": "Phoenix",
    "state": "AZ",
    "postal_code": "85008",
    "stars": 3,
    "categories": "Local Services, Funeral Services & Cemeteries"
  },
  {
    "business_id": "2y2d1wJrZAhHI2J7o2ndtg",
    "name": "Menke Funeral & Cremation Center",
    "address": "12420 N 103rd Ave",
    "city": "Sun City",
    "state": "AZ",
    "postal_code": "85351",
    "stars": 4,
    "categories": "Venues & Event Spaces, Funeral Services & Cemeteries, Event Planning & Services, Local Services"
  },
  {
    "business_id": "BpgFBpsfS4dCvljd4Pcxxw",
    "name": "Sonoran Skies Mortuary",
    "address": "5650 E Main St",
    "city": "Mesa",
    "state": "AZ",
    "postal_code": "85205",
    "stars": 3.5,
    "categories": "Mortuary Services, Funeral Services & Cemeteries, Local Services"
  },
  {
    "business_id": "DBpCKQvwJ0UpqRJEu7CDRA",
    "name": "Double Butte Cemetery",
    "address": "2505 W Broadway Rd",
    "city": "Tempe",
    "state": "AZ",
    "postal_code": "85282",
    "stars": 4,
    "categories": "Local Services, Funeral Services & Cemeteries"
  },
  {
    "business_id": "lBkGK2R8mEpyMFa33L2EXA",
    "name": "Gunderson Funeral Homes & Crematory",
    "address": "5203 Monona Dr",
    "city": "Madison",
    "state": "WI",
    "postal_code": "53716",
    "stars": 3,
    "categories": "Office Equipment, Local Services, Funeral Services & Cemeteries, Shopping"
  },
  {
    "business_id": "thFG6fpgVR1CEWGdj489kg",
    "name": "Blossom Shoppe",
    "address": "8022 York Rd",
    "city": "North Royalton",
    "state": "OH",
    "postal_code": "44133",
    "stars": 5,
    "categories": "Florists, Local Services, Flowers & Gifts, Shopping, Funeral Services & Cemeteries, Event Planning & Services, Wedding Planning"
  },
  {
    "business_id": "5PAVtVod2BDLsSmzxpXA1A",
    "name": "Falconer Funeral Home",
    "address": "251 W Juniper Ave",
    "city": "Gilbert",
    "state": "AZ",
    "postal_code": "85233",
    "stars": 4,
    "categories": "Funeral Services & Cemeteries, Local Services"
  },
  {
    "business_id": "vgwwE3anX3UCgIoFWM2t0g",
    "name": "Highland Memory Gardens Cemetery Crematorium",
    "address": "33 Memory Gardens Lane",
    "city": "Toronto",
    "state": "ON",
    "postal_code": "M2H 3C3",
    "stars": 1.5,
    "categories": "Local Services, Funeral Services & Cemeteries"
  }
]